{
    "prediction": [
        0,
        1,
        1,
        1,
        1
    ],
    "F1_score": "0.5714285714285715",
    "data_summary": {
        "exited": {
            "25%": 0.0,
            "50%": 1.0,
            "75%": 1.0,
            "count": 26.0,
            "max": 1.0,
            "mean": 0.5769230769230769,
            "min": 0.0,
            "std": 0.5038314736557788
        },
        "lastmonth_activity": {
            "25%": 16.75,
            "50%": 73.0,
            "75%": 100.75,
            "count": 26.0,
            "max": 1090.0,
            "mean": 165.65384615384616,
            "min": 0.0,
            "std": 284.0332293669446
        },
        "lastyear_activity": {
            "25%": 406.25,
            "50%": 955.0,
            "75%": 1615.5,
            "count": 26.0,
            "max": 10983.0,
            "mean": 1502.923076923077,
            "min": 18.0,
            "std": 2192.64495845683
        },
        "number_of_employees": {
            "25%": 7.25,
            "50%": 14.0,
            "75%": 34.5,
            "count": 26.0,
            "max": 103.0,
            "mean": 26.884615384615383,
            "min": 1.0,
            "std": 31.35388578543581
        }
    },
    "diagnostics": {
        "missing_data": {
            "corporation": 0,
            "exited": 0,
            "lastmonth_activity": 0,
            "lastyear_activity": 0,
            "number_of_employees": 0
        },
        "outdated_pckgs": "Package            Version Latest Type\n------------------ ------- ------ -----\ncharset-normalizer 2.1.1   3.0.1  wheel\njupyter_client     7.4.9   8.0.1  wheel\nsetuptools         66.1.1  67.0.0 wheel\n",
        "timings": {
            "ingestion_time": 0.3600266169960378,
            "training_time": 0.9312723390030442
        }
    }
}